,"New York, NY",07002,07008,07020,07024,07036,07064,07077,07202,07206,07305,07620,07632,07670,08861,10001,10002,10003,10004,10005,10006,10007,10009,10010,10011,10012,10013,10014,10016,10017,10018,10019,10021,10022,10023,10024,10025,10026,10027,10028,10029,10030,10031,10032,10033,10034,10035,10036,10037,10038,10039,10040,10044,10065,10069,10075,10128,10162,10279,10280,10282,10301,10302,10303,10304,10305,10306,10308,10310,10312,10451,10453,10455,10457,10459,10461,10463,10465,10467,10469,10471,10472,10473,10474,10475,10550,10704,10705,10803,11001,11003,11004,11005,11020,11021,11040,11042,11096,11101,11102,11103,11104,11105,11106,11109,11201,11203,11204,11205,11206,11207,11208,11209,11210,11211,11212,11213,11214,11215,11216,11217,11218,11219,11220,11221,11222,11223,11224,11225,11226,11228,11229,11230,11231,11232,11233,11234,11235,11236,11237,11238,11239,11354,11355,11356,11357,11358,11360,11361,11362,11363,11364,11365,11366,11367,11368,11369,11370,11372,11373,11374,11375,11377,11378,11379,11385,11411,11412,11413,11414,11415,11416,11417,11418,11419,11420,11421,11422,11423,11426,11427,11428,11429,11430,11432,11433,11434,11435,11436,11509,11559,11580,11581,11691,11692,11693,11694,11697
Total:,100.00%,100.00%,100.00%,100.00%,100.00%,100.00%,100.00%,100.00%,100.00%,100.00%,100.00%,100.00%,100.00%,100.00%,100.00%,100.00%,100.00%,100.00%,100.00%,100.00%,100.00%,100.00%,100.00%,100.00%,100.00%,100.00%,100.00%,100.00%,100.00%,100.00%,100.00%,100.00%,100.00%,100.00%,100.00%,100.00%,100.00%,100.00%,100.00%,100.00%,100.00%,100.00%,100.00%,100.00%,100.00%,100.00%,100.00%,100.00%,100.00%,100.00%,100.00%,100.00%,100.00%,100.00%,100.00%,100.00%,100.00%,100.00%,100.00%,100.00%,100.00%,100.00%,100.00%,100.00%,100.00%,100.00%,100.00%,100.00%,100.00%,100.00%,100.00%,100.00%,100.00%,100.00%,100.00%,100.00%,100.00%,100.00%,100.00%,100.00%,100.00%,100.00%,100.00%,100.00%,100.00%,100.00%,100.00%,100.00%,100.00%,100.00%,100.00%,100.00%,100.00%,100.00%,100.00%,100.00%,100.00%,100.00%,100.00%,100.00%,100.00%,100.00%,100.00%,100.00%,100.00%,100.00%,100.00%,100.00%,100.00%,100.00%,100.00%,100.00%,100.00%,100.00%,100.00%,100.00%,100.00%,100.00%,100.00%,100.00%,100.00%,100.00%,100.00%,100.00%,100.00%,100.00%,100.00%,100.00%,100.00%,100.00%,100.00%,100.00%,100.00%,100.00%,100.00%,100.00%,100.00%,100.00%,100.00%,100.00%,100.00%,100.00%,100.00%,100.00%,100.00%,100.00%,100.00%,100.00%,100.00%,100.00%,100.00%,100.00%,100.00%,100.00%,100.00%,100.00%,100.00%,100.00%,100.00%,100.00%,100.00%,100.00%,100.00%,100.00%,100.00%,100.00%,100.00%,100.00%,100.00%,100.00%,100.00%,100.00%,100.00%,100.00%,100.00%,100.00%,100.00%,100.00%,100.00%,100.00%,100.00%,100.00%,100.00%,100.00%,100.00%,100.00%,100.00%,100.00%,100.00%,100.00%,100.00%,100.00%,100.00%,100.00%,100.00%,100.00%,100.00%,100.00%
"Speak English ""very well"" TOTAL",26.03%,31.49%,38.32%,36.94%,31.43%,30.48%,27.03%,15.01%,35.72%,29.36%,26.37%,25.36%,38.36%,30.52%,45.30%,19.58%,22.89%,15.57%,20.68%,21.20%,22.96%,20.74%,22.13%,18.97%,17.17%,17.09%,16.10%,13.32%,21.15%,23.34%,24.43%,27.80%,18.48%,19.33%,20.91%,16.73%,23.69%,25.40%,27.77%,20.92%,33.09%,19.96%,31.86%,33.98%,34.09%,36.61%,30.26%,26.42%,20.64%,20.19%,24.25%,34.93%,34.72%,21.45%,26.89%,26.33%,26.15%,21.74%,0.00%,30.72%,20.18%,19.92%,27.88%,31.26%,25.36%,27.25%,20.48%,13.88%,22.99%,13.23%,32.02%,34.98%,39.28%,36.26%,38.91%,34.28%,32.56%,28.73%,32.40%,25.90%,23.85%,34.68%,37.18%,30.36%,20.94%,14.46%,28.55%,33.30%,14.70%,18.87%,28.45%,32.52%,7.45%,28.29%,23.07%,31.64%,9.88%,19.13%,26.33%,28.16%,31.74%,31.92%,33.56%,29.91%,26.11%,17.80%,12.65%,35.61%,24.56%,32.92%,20.41%,33.87%,26.94%,20.59%,33.62%,12.66%,16.30%,24.19%,17.33%,13.72%,18.91%,28.88%,37.59%,22.84%,21.36%,20.44%,21.78%,18.14%,19.72%,22.51%,27.96%,24.01%,24.23%,17.14%,28.89%,13.84%,21.50%,23.58%,15.79%,36.45%,16.16%,13.92%,15.94%,16.74%,19.37%,25.77%,23.59%,26.29%,27.85%,29.16%,29.70%,26.78%,29.23%,34.71%,27.85%,32.29%,31.93%,29.27%,33.26%,35.57%,36.52%,35.12%,32.07%,32.97%,30.13%,34.02%,14.53%,8.19%,8.05%,22.35%,33.33%,35.82%,34.06%,31.41%,21.84%,21.27%,38.08%,16.58%,24.35%,34.63%,32.22%,23.47%,16.75%,21.78%,36.03%,11.53%,6.33%,24.46%,11.41%,10.55%,20.55%,24.54%,22.77%,21.29%,19.09%,22.18%,14.55%,3.02%
"Speak English less than ""very well"" TOTAL ",22.47%,16.77%,17.92%,17.31%,25.76%,19.34%,10.17%,11.23%,41.85%,45.42%,16.16%,15.24%,16.67%,12.29%,33.42%,12.64%,38.32%,4.87%,1.30%,2.63%,4.59%,5.42%,13.39%,6.63%,4.31%,7.54%,19.39%,0.78%,7.52%,7.36%,16.16%,9.85%,3.99%,4.19%,5.10%,5.11%,13.07%,9.30%,11.64%,3.00%,18.97%,13.79%,24.98%,35.92%,37.36%,34.29%,16.22%,11.25%,9.94%,19.61%,16.02%,37.41%,17.85%,5.52%,13.21%,5.07%,4.71%,0.00%,0.00%,4.83%,6.51%,11.29%,12.28%,13.14%,13.86%,19.48%,12.66%,7.73%,10.95%,6.44%,28.63%,35.93%,31.16%,32.62%,28.46%,20.27%,21.50%,12.02%,26.53%,13.57%,10.96%,32.10%,15.66%,31.77%,12.63%,9.91%,12.11%,25.12%,4.76%,13.72%,15.43%,14.22%,1.31%,18.47%,15.99%,16.47%,8.70%,30.13%,19.68%,23.14%,20.68%,29.84%,18.94%,23.70%,18.25%,6.34%,7.36%,41.22%,15.44%,22.76%,12.38%,15.95%,17.75%,11.96%,20.66%,8.96%,8.10%,48.67%,5.27%,5.22%,6.62%,24.11%,39.87%,60.53%,14.89%,14.75%,40.23%,41.31%,7.99%,14.31%,32.24%,33.30%,29.98%,7.94%,35.11%,5.75%,13.67%,51.45%,8.87%,28.37%,4.95%,23.26%,62.45%,69.20%,50.91%,23.56%,44.23%,24.52%,28.24%,26.20%,18.05%,30.86%,31.19%,30.65%,29.12%,55.28%,40.90%,33.18%,46.06%,51.50%,31.90%,21.96%,43.11%,24.94%,18.96%,24.67%,5.78%,5.72%,4.71%,10.22%,20.65%,24.42%,19.83%,30.33%,17.33%,11.83%,31.74%,7.75%,16.98%,22.49%,23.62%,20.48%,14.76%,15.35%,30.68%,17.10%,4.27%,32.12%,7.41%,1.96%,5.57%,15.62%,13.73%,13.77%,12.69%,17.57%,6.79%,0.33%
Speak only English,51.50%,51.74%,43.76%,45.75%,42.81%,50.18%,62.80%,73.76%,22.42%,25.22%,57.47%,59.40%,44.98%,57.19%,21.28%,67.77%,38.79%,79.56%,78.02%,76.17%,72.46%,73.84%,64.48%,74.40%,78.52%,75.37%,64.51%,85.90%,71.34%,69.30%,59.42%,62.35%,77.53%,76.48%,73.99%,78.17%,63.24%,65.29%,60.59%,76.08%,47.94%,66.25%,43.16%,30.11%,28.55%,29.10%,53.52%,62.32%,69.42%,60.21%,59.73%,27.67%,47.43%,73.03%,59.90%,68.60%,69.13%,78.26%,100.00%,64.45%,73.31%,68.79%,59.84%,55.60%,60.78%,53.27%,66.86%,78.39%,66.05%,80.33%,39.35%,29.09%,29.57%,31.13%,32.63%,45.45%,45.94%,59.25%,41.07%,60.53%,65.20%,33.22%,47.17%,37.86%,66.44%,75.63%,59.34%,41.58%,80.54%,67.41%,56.11%,53.26%,91.25%,53.24%,60.94%,51.89%,81.42%,50.75%,53.99%,48.70%,47.58%,38.24%,47.50%,46.39%,55.64%,75.86%,80.00%,23.17%,60.00%,44.33%,67.22%,50.18%,55.31%,67.45%,45.73%,78.38%,75.60%,27.13%,77.40%,81.06%,74.47%,47.01%,22.55%,16.63%,63.76%,64.81%,38.00%,40.55%,72.29%,63.18%,39.80%,42.69%,45.79%,74.92%,36.00%,80.40%,64.84%,24.97%,75.34%,35.18%,78.89%,62.82%,21.61%,14.05%,29.72%,50.66%,32.18%,49.19%,43.91%,44.64%,52.26%,42.36%,39.58%,34.64%,43.03%,12.43%,27.18%,37.54%,20.68%,12.93%,31.58%,42.92%,24.83%,42.09%,50.91%,41.31%,79.69%,86.09%,87.24%,67.43%,46.03%,39.76%,46.11%,38.26%,60.83%,66.90%,30.17%,75.67%,58.67%,42.89%,44.16%,56.05%,68.50%,62.87%,33.29%,71.37%,89.40%,43.42%,81.18%,87.49%,73.88%,59.84%,63.50%,64.94%,68.22%,60.25%,78.65%,96.66%
Spanish:,24.06%,24.74%,31.89%,9.04%,8.31%,27.07%,16.46%,20.97%,66.36%,67.10%,21.51%,5.74%,3.39%,5.80%,75.25%,10.80%,18.01%,5.47%,2.06%,4.02%,5.62%,9.57%,17.03%,8.76%,8.79%,4.43%,3.08%,3.90%,5.29%,4.74%,11.37%,12.07%,5.36%,6.16%,8.30%,8.62%,19.09%,16.92%,21.50%,5.46%,37.65%,21.70%,45.24%,61.99%,62.85%,63.64%,37.42%,16.46%,18.08%,7.96%,26.72%,64.18%,7.55%,7.21%,3.05%,14.66%,9.94%,6.82%,0.00%,7.51%,5.65%,15.60%,29.17%,28.82%,15.41%,9.05%,8.59%,3.63%,21.08%,4.03%,52.24%,62.27%,63.63%,60.20%,59.74%,33.33%,41.67%,29.78%,44.12%,23.49%,18.65%,54.59%,46.92%,51.96%,22.65%,14.08%,21.16%,48.43%,6.01%,7.97%,16.79%,6.13%,1.48%,2.78%,3.47%,10.75%,4.15%,42.53%,20.89%,22.72%,20.04%,25.78%,15.88%,20.44%,5.08%,7.83%,5.39%,9.22%,14.15%,31.16%,26.64%,37.12%,11.27%,4.82%,20.05%,14.89%,8.85%,13.48%,9.90%,7.34%,13.58%,14.26%,12.22%,37.65%,28.06%,11.43%,11.30%,12.41%,7.70%,14.88%,8.77%,7.39%,8.17%,12.56%,42.40%,11.76%,8.26%,6.02%,5.97%,55.70%,8.17%,11.55%,12.48%,14.30%,34.00%,10.54%,12.95%,6.88%,9.31%,7.56%,9.43%,7.47%,13.53%,9.25%,12.72%,72.68%,57.84%,31.56%,53.90%,39.43%,13.56%,12.24%,33.41%,26.69%,14.09%,32.94%,4.57%,3.90%,3.73%,15.78%,21.09%,35.56%,29.99%,40.01%,15.10%,20.09%,49.34%,9.02%,11.71%,16.29%,15.84%,21.64%,10.64%,31.68%,20.77%,14.14%,4.16%,27.65%,11.35%,1.70%,10.68%,19.83%,13.25%,22.10%,17.73%,19.77%,11.79%,0.38%
"Speak English ""very well""",13.25%,16.78%,22.77%,7.34%,5.61%,16.56%,11.94%,11.07%,30.35%,24.31%,12.96%,4.85%,2.41%,3.82%,43.13%,7.79%,11.25%,4.39%,1.83%,3.01%,4.99%,6.54%,11.39%,6.78%,6.96%,2.73%,2.63%,3.44%,4.05%,4.68%,6.94%,8.49%,3.75%,5.54%,6.69%,6.24%,10.86%,12.17%,15.22%,4.59%,24.36%,11.85%,23.07%,28.07%,27.99%,31.58%,23.56%,10.82%,10.53%,5.23%,15.31%,28.74%,4.86%,6.17%,1.59%,13.18%,8.61%,6.82%,0.00%,6.82%,3.52%,10.38%,20.01%,20.88%,10.79%,6.50%,6.48%,3.14%,13.97%,3.36%,27.80%,30.10%,35.03%,30.63%,33.56%,22.99%,24.40%,22.15%,24.52%,15.68%,13.20%,28.43%,32.92%,24.58%,13.44%,8.27%,15.42%,26.76%,4.75%,4.50%,9.18%,4.69%,1.14%,1.38%,2.18%,7.03%,2.77%,16.08%,11.65%,11.26%,11.63%,14.23%,9.62%,10.88%,4.13%,5.96%,3.43%,4.48%,8.97%,18.62%,16.13%,25.15%,7.05%,3.29%,12.44%,8.63%,5.43%,4.42%,6.58%,5.58%,9.04%,7.99%,5.52%,12.18%,15.90%,7.75%,4.61%,5.57%,5.54%,9.49%,5.07%,4.11%,4.21%,7.44%,21.38%,8.18%,5.88%,2.30%,4.67%,30.59%,6.07%,8.76%,3.77%,4.34%,10.29%,6.45%,6.04%,4.99%,6.97%,4.12%,6.32%,4.86%,9.09%,5.23%,7.21%,25.40%,25.47%,14.16%,21.13%,14.66%,7.74%,8.87%,13.82%,17.32%,9.45%,19.81%,3.43%,2.84%,2.37%,10.31%,13.21%,22.94%,20.31%,19.74%,9.09%,13.72%,27.99%,6.04%,5.78%,11.31%,9.76%,11.90%,6.30%,21.78%,10.19%,7.00%,2.75%,12.00%,7.21%,1.43%,6.41%,11.95%,8.69%,12.68%,10.21%,12.76%,7.82%,0.38%
"Speak English less than ""very well""",10.82%,7.95%,9.12%,1.70%,2.70%,10.52%,4.52%,9.90%,36.01%,42.79%,8.55%,0.89%,0.98%,1.99%,32.12%,3.01%,6.76%,1.08%,0.22%,1.01%,0.64%,3.04%,5.65%,1.98%,1.83%,1.70%,0.45%,0.47%,1.25%,0.07%,4.43%,3.58%,1.61%,0.62%,1.61%,2.38%,8.23%,4.75%,6.28%,0.87%,13.29%,9.86%,22.17%,33.91%,34.85%,32.07%,13.86%,5.64%,7.55%,2.73%,11.41%,35.44%,2.69%,1.04%,1.46%,1.48%,1.33%,0.00%,0.00%,0.69%,2.13%,5.22%,9.16%,7.94%,4.62%,2.55%,2.11%,0.49%,7.10%,0.67%,24.44%,32.17%,28.60%,29.58%,26.18%,10.34%,17.27%,7.63%,19.60%,7.80%,5.45%,26.16%,13.99%,27.38%,9.21%,5.81%,5.74%,21.67%,1.25%,3.47%,7.61%,1.45%,0.34%,1.40%,1.29%,3.72%,1.38%,26.45%,9.23%,11.46%,8.41%,11.55%,6.25%,9.56%,0.95%,1.87%,1.95%,4.73%,5.19%,12.54%,10.51%,11.97%,4.22%,1.53%,7.61%,6.26%,3.42%,9.06%,3.32%,1.75%,4.54%,6.27%,6.70%,25.46%,12.16%,3.69%,6.69%,6.84%,2.16%,5.39%,3.70%,3.28%,3.96%,5.13%,21.02%,3.58%,2.38%,3.73%,1.30%,25.11%,2.11%,2.79%,8.71%,9.96%,23.71%,4.10%,6.90%,1.90%,2.34%,3.44%,3.11%,2.60%,4.44%,4.03%,5.51%,47.29%,32.37%,17.40%,32.77%,24.77%,5.82%,3.37%,19.59%,9.38%,4.63%,13.13%,1.15%,1.06%,1.36%,5.47%,7.89%,12.63%,9.68%,20.27%,6.02%,6.37%,21.35%,2.98%,5.93%,4.98%,6.09%,9.74%,4.34%,9.90%,10.59%,7.14%,1.41%,15.64%,4.15%,0.27%,4.27%,7.88%,4.56%,9.42%,7.52%,7.01%,3.97%,0.00%
"French, Haitian, or Cajun:",2.33%,1.36%,0.64%,0.51%,0.96%,5.75%,0.00%,0.08%,3.87%,0.52%,2.27%,0.34%,0.19%,0.53%,0.13%,1.46%,0.77%,2.17%,1.42%,1.54%,0.00%,0.92%,1.54%,1.81%,2.30%,2.29%,1.66%,3.30%,3.48%,2.87%,1.24%,1.43%,4.75%,2.28%,1.99%,2.81%,3.62%,6.34%,3.82%,2.43%,2.07%,3.53%,2.90%,1.87%,0.42%,0.73%,1.46%,1.05%,3.66%,1.73%,3.37%,0.81%,1.41%,3.65%,1.64%,3.29%,2.82%,11.13%,0.00%,3.97%,2.15%,0.77%,0.18%,1.03%,1.30%,0.47%,0.25%,0.09%,1.35%,0.07%,1.90%,1.66%,1.78%,1.68%,1.95%,0.49%,1.00%,0.83%,0.91%,1.87%,1.45%,2.29%,0.79%,6.78%,1.14%,2.75%,0.61%,0.67%,0.63%,1.15%,13.29%,2.21%,0.28%,0.37%,1.02%,0.41%,0.00%,0.00%,1.17%,0.35%,1.18%,1.23%,1.08%,0.98%,1.28%,1.57%,10.33%,0.19%,2.57%,1.17%,1.84%,1.78%,0.56%,15.25%,1.21%,3.64%,5.68%,0.11%,1.46%,2.83%,2.17%,2.26%,0.17%,0.33%,2.27%,1.14%,0.82%,1.42%,9.04%,14.33%,0.35%,1.11%,2.11%,3.49%,0.71%,2.59%,8.21%,0.19%,13.67%,0.65%,3.03%,3.79%,0.19%,0.30%,0.00%,0.15%,0.25%,0.17%,0.71%,1.61%,0.12%,0.18%,0.33%,0.37%,1.51%,1.19%,1.26%,0.22%,0.27%,0.45%,1.15%,1.03%,0.54%,0.26%,0.32%,0.32%,14.67%,6.69%,6.16%,0.44%,1.37%,0.97%,0.42%,0.47%,0.57%,0.81%,0.25%,10.79%,6.81%,0.93%,5.81%,4.84%,16.05%,2.48%,2.41%,2.65%,2.79%,1.90%,2.02%,6.68%,0.12%,5.10%,4.05%,1.71%,0.93%,1.77%,0.56%,0.00%
"Speak English ""very well""",1.57%,1.10%,0.63%,0.51%,0.77%,3.68%,0.00%,0.08%,1.22%,0.11%,1.50%,0.34%,0.19%,0.53%,0.08%,1.38%,0.59%,1.89%,1.42%,1.54%,0.00%,0.92%,1.34%,1.52%,2.14%,2.11%,1.63%,3.27%,2.69%,2.18%,1.24%,1.26%,4.25%,2.10%,1.68%,2.36%,3.05%,4.93%,2.48%,2.27%,1.72%,2.05%,2.32%,1.37%,0.39%,0.50%,1.09%,0.90%,3.33%,1.65%,1.50%,0.80%,1.05%,2.87%,1.64%,2.69%,2.44%,11.13%,0.00%,3.97%,1.88%,0.68%,0.09%,0.91%,1.04%,0.30%,0.24%,0.09%,1.25%,0.07%,1.18%,1.02%,1.07%,0.97%,1.35%,0.21%,0.75%,0.49%,0.61%,1.40%,1.32%,1.26%,0.59%,3.67%,1.07%,1.86%,0.28%,0.40%,0.52%,0.89%,9.80%,2.08%,0.00%,0.27%,0.92%,0.41%,0.00%,0.00%,1.00%,0.29%,1.14%,0.90%,0.92%,0.87%,0.35%,1.47%,6.25%,0.17%,2.23%,0.99%,1.24%,1.46%,0.38%,8.61%,1.05%,2.17%,3.66%,0.08%,1.30%,1.96%,1.86%,1.40%,0.14%,0.29%,1.56%,1.07%,0.42%,0.95%,5.78%,7.91%,0.26%,0.82%,0.99%,3.06%,0.56%,1.85%,4.43%,0.14%,8.14%,0.55%,2.33%,2.03%,0.11%,0.26%,0.00%,0.13%,0.23%,0.12%,0.63%,1.61%,0.12%,0.17%,0.19%,0.33%,1.20%,0.80%,0.75%,0.09%,0.25%,0.34%,0.86%,0.91%,0.48%,0.25%,0.23%,0.25%,10.21%,3.34%,3.69%,0.44%,1.04%,0.77%,0.24%,0.39%,0.33%,0.55%,0.24%,7.69%,3.71%,0.82%,3.64%,2.90%,7.74%,0.00%,1.52%,1.35%,1.72%,1.38%,1.18%,6.68%,0.12%,3.47%,3.02%,1.08%,0.74%,0.97%,0.44%,0.00%
"Speak English less than ""very well""",0.76%,0.27%,0.00%,0.00%,0.19%,2.07%,0.00%,0.00%,2.65%,0.40%,0.77%,0.00%,0.00%,0.00%,0.05%,0.07%,0.18%,0.28%,0.00%,0.00%,0.00%,0.00%,0.20%,0.29%,0.16%,0.19%,0.03%,0.03%,0.80%,0.69%,0.00%,0.18%,0.50%,0.18%,0.31%,0.45%,0.57%,1.41%,1.33%,0.16%,0.36%,1.48%,0.59%,0.51%,0.03%,0.23%,0.36%,0.14%,0.33%,0.08%,1.87%,0.00%,0.36%,0.78%,0.00%,0.60%,0.38%,0.00%,0.00%,0.00%,0.27%,0.09%,0.08%,0.12%,0.26%,0.17%,0.02%,0.00%,0.10%,0.00%,0.72%,0.64%,0.70%,0.71%,0.60%,0.29%,0.25%,0.34%,0.30%,0.47%,0.14%,1.03%,0.20%,3.11%,0.07%,0.90%,0.33%,0.27%,0.10%,0.27%,3.49%,0.13%,0.28%,0.11%,0.10%,0.00%,0.00%,0.00%,0.17%,0.06%,0.04%,0.33%,0.15%,0.11%,0.93%,0.11%,4.08%,0.02%,0.34%,0.18%,0.60%,0.33%,0.18%,6.63%,0.16%,1.47%,2.01%,0.03%,0.16%,0.86%,0.31%,0.85%,0.03%,0.04%,0.70%,0.07%,0.40%,0.47%,3.25%,6.43%,0.09%,0.29%,1.12%,0.43%,0.15%,0.74%,3.78%,0.05%,5.53%,0.10%,0.69%,1.76%,0.08%,0.04%,0.00%,0.02%,0.02%,0.05%,0.09%,0.00%,0.00%,0.01%,0.14%,0.04%,0.31%,0.39%,0.51%,0.13%,0.02%,0.11%,0.29%,0.12%,0.06%,0.01%,0.08%,0.07%,4.46%,3.34%,2.47%,0.00%,0.34%,0.20%,0.18%,0.08%,0.24%,0.26%,0.01%,3.10%,3.11%,0.11%,2.17%,1.93%,8.30%,2.48%,0.89%,1.30%,1.07%,0.52%,0.83%,0.00%,0.00%,1.63%,1.03%,0.62%,0.19%,0.80%,0.12%,0.00%
German or other West Germanic languages:,1.45%,0.25%,0.21%,0.31%,0.37%,0.22%,0.00%,0.00%,0.00%,0.01%,0.22%,0.00%,0.17%,0.20%,0.04%,0.15%,0.63%,0.73%,0.70%,0.10%,1.14%,1.82%,0.94%,0.52%,0.74%,1.05%,0.56%,1.07%,0.41%,0.05%,0.80%,1.09%,1.48%,0.84%,1.56%,0.76%,0.96%,0.72%,0.54%,0.82%,0.46%,0.60%,0.70%,0.38%,0.49%,0.28%,0.25%,0.52%,0.14%,0.80%,0.06%,0.48%,0.64%,1.63%,0.00%,1.07%,1.47%,0.00%,0.00%,1.75%,0.29%,0.13%,0.00%,0.06%,0.19%,0.12%,0.12%,0.11%,0.08%,0.27%,0.04%,0.02%,0.08%,0.02%,0.00%,0.45%,0.65%,0.14%,0.14%,0.17%,0.75%,0.06%,0.08%,0.01%,0.02%,0.00%,0.62%,0.11%,0.54%,0.46%,0.28%,0.43%,1.25%,1.35%,0.58%,0.34%,4.15%,0.00%,0.66%,0.49%,0.57%,0.34%,0.26%,0.65%,3.68%,0.82%,0.53%,14.97%,13.75%,14.50%,0.19%,0.05%,0.25%,1.73%,22.71%,0.19%,2.67%,0.35%,0.94%,0.87%,1.08%,8.43%,30.15%,0.07%,0.35%,0.71%,0.16%,0.82%,2.63%,0.31%,0.09%,0.86%,4.19%,0.81%,0.08%,0.32%,0.72%,0.29%,0.11%,0.50%,0.79%,0.02%,0.13%,0.04%,0.39%,0.41%,0.26%,0.58%,0.13%,0.33%,0.84%,0.15%,0.23%,0.10%,0.66%,0.00%,0.06%,0.17%,0.43%,0.19%,0.34%,0.50%,0.36%,0.22%,0.73%,0.83%,0.05%,0.12%,0.02%,0.50%,0.90%,0.17%,0.11%,0.45%,0.25%,0.82%,0.77%,0.00%,0.11%,0.31%,0.29%,0.12%,0.10%,0.00%,0.22%,0.00%,0.12%,0.17%,0.08%,0.90%,2.41%,0.10%,0.23%,1.11%,0.09%,0.14%,0.55%,1.60%
"Speak English ""very well""",1.04%,0.23%,0.17%,0.31%,0.32%,0.09%,0.00%,0.00%,0.00%,0.01%,0.15%,0.00%,0.00%,0.20%,0.02%,0.11%,0.60%,0.65%,0.70%,0.10%,1.14%,1.82%,0.84%,0.44%,0.64%,1.00%,0.56%,1.07%,0.38%,0.05%,0.80%,0.98%,1.33%,0.84%,1.56%,0.76%,0.96%,0.69%,0.50%,0.82%,0.44%,0.60%,0.70%,0.36%,0.45%,0.28%,0.25%,0.52%,0.09%,0.80%,0.06%,0.48%,0.64%,1.61%,0.00%,0.99%,1.43%,0.00%,0.00%,1.75%,0.29%,0.13%,0.00%,0.06%,0.13%,0.12%,0.12%,0.11%,0.08%,0.15%,0.04%,0.02%,0.05%,0.01%,0.00%,0.29%,0.55%,0.12%,0.10%,0.12%,0.58%,0.06%,0.08%,0.01%,0.00%,0.00%,0.59%,0.11%,0.44%,0.46%,0.28%,0.43%,1.25%,1.35%,0.32%,0.24%,2.77%,0.00%,0.65%,0.49%,0.43%,0.07%,0.18%,0.38%,3.39%,0.79%,0.46%,10.60%,7.24%,9.48%,0.15%,0.03%,0.25%,1.38%,13.54%,0.12%,2.46%,0.24%,0.90%,0.87%,1.06%,6.40%,19.77%,0.07%,0.32%,0.63%,0.07%,0.67%,2.33%,0.25%,0.09%,0.76%,3.57%,0.78%,0.00%,0.17%,0.52%,0.13%,0.08%,0.47%,0.69%,0.02%,0.03%,0.03%,0.33%,0.37%,0.16%,0.58%,0.13%,0.21%,0.84%,0.09%,0.16%,0.10%,0.45%,0.00%,0.00%,0.14%,0.31%,0.09%,0.21%,0.35%,0.27%,0.16%,0.65%,0.58%,0.05%,0.12%,0.02%,0.50%,0.83%,0.15%,0.04%,0.38%,0.18%,0.74%,0.60%,0.00%,0.05%,0.31%,0.24%,0.12%,0.05%,0.00%,0.16%,0.00%,0.10%,0.13%,0.08%,0.00%,2.16%,0.10%,0.17%,0.94%,0.09%,0.08%,0.47%,1.60%
"Speak English less than ""very well""",0.41%,0.02%,0.04%,0.00%,0.05%,0.13%,0.00%,0.00%,0.00%,0.00%,0.07%,0.00%,0.17%,0.00%,0.02%,0.04%,0.03%,0.09%,0.00%,0.00%,0.00%,0.00%,0.10%,0.08%,0.11%,0.04%,0.00%,0.00%,0.04%,0.00%,0.00%,0.11%,0.14%,0.00%,0.00%,0.00%,0.00%,0.03%,0.03%,0.00%,0.02%,0.00%,0.00%,0.01%,0.04%,0.00%,0.00%,0.00%,0.05%,0.00%,0.00%,0.00%,0.00%,0.02%,0.00%,0.08%,0.04%,0.00%,0.00%,0.00%,0.00%,0.00%,0.00%,0.00%,0.07%,0.00%,0.00%,0.00%,0.00%,0.12%,0.00%,0.00%,0.03%,0.01%,0.00%,0.16%,0.10%,0.02%,0.04%,0.05%,0.17%,0.00%,0.00%,0.00%,0.02%,0.00%,0.03%,0.00%,0.10%,0.00%,0.00%,0.00%,0.00%,0.00%,0.26%,0.10%,1.38%,0.00%,0.01%,0.00%,0.14%,0.27%,0.08%,0.27%,0.30%,0.03%,0.07%,4.38%,6.52%,5.01%,0.05%,0.02%,0.00%,0.35%,9.17%,0.07%,0.22%,0.11%,0.04%,0.00%,0.02%,2.03%,10.38%,0.00%,0.03%,0.08%,0.10%,0.15%,0.30%,0.06%,0.00%,0.10%,0.62%,0.03%,0.08%,0.15%,0.20%,0.17%,0.03%,0.02%,0.10%,0.00%,0.10%,0.01%,0.06%,0.04%,0.10%,0.00%,0.00%,0.13%,0.00%,0.06%,0.07%,0.00%,0.21%,0.00%,0.06%,0.03%,0.12%,0.09%,0.13%,0.15%,0.09%,0.06%,0.09%,0.25%,0.00%,0.00%,0.00%,0.00%,0.06%,0.02%,0.06%,0.07%,0.07%,0.07%,0.18%,0.00%,0.06%,0.00%,0.05%,0.00%,0.05%,0.00%,0.06%,0.00%,0.02%,0.04%,0.00%,0.90%,0.24%,0.00%,0.05%,0.17%,0.00%,0.07%,0.08%,0.00%
"Russian, Polish, or other Slavic languages:",3.47%,2.72%,0.88%,4.39%,4.44%,6.27%,1.78%,2.58%,0.63%,0.68%,0.43%,1.78%,6.85%,3.82%,0.57%,1.07%,0.95%,1.10%,0.82%,0.77%,4.08%,1.41%,1.64%,1.40%,1.07%,1.40%,0.34%,0.28%,1.13%,4.83%,2.72%,2.27%,0.72%,1.15%,2.34%,2.01%,0.96%,0.75%,0.86%,2.72%,0.64%,0.40%,0.47%,0.62%,1.79%,2.49%,0.55%,0.96%,0.40%,2.29%,0.13%,2.06%,5.96%,1.40%,1.07%,4.30%,3.40%,0.00%,0.00%,3.12%,0.66%,1.77%,1.21%,0.64%,4.32%,10.96%,9.41%,9.09%,1.76%,4.85%,0.14%,0.07%,0.00%,0.12%,0.25%,0.83%,2.34%,0.72%,0.80%,0.40%,4.27%,0.09%,0.01%,0.00%,1.34%,0.00%,1.27%,0.85%,1.35%,0.43%,0.30%,1.42%,0.63%,0.28%,2.11%,0.95%,1.38%,0.17%,1.91%,2.71%,6.56%,1.58%,3.40%,2.58%,5.47%,1.23%,0.13%,10.02%,0.64%,1.22%,0.23%,0.10%,5.54%,1.20%,2.26%,0.09%,1.43%,14.83%,1.14%,0.56%,1.14%,6.09%,3.41%,2.31%,0.44%,15.04%,14.99%,36.00%,0.72%,0.58%,2.89%,19.72%,16.12%,1.00%,2.43%,0.43%,5.76%,47.71%,0.34%,0.81%,1.08%,17.39%,1.57%,1.11%,0.90%,2.48%,1.60%,1.86%,0.70%,1.17%,0.92%,1.95%,1.84%,10.42%,7.90%,0.88%,0.26%,1.28%,2.61%,0.97%,18.96%,13.78%,1.66%,15.38%,11.85%,10.72%,0.00%,0.05%,0.18%,2.33%,10.06%,1.44%,1.72%,2.01%,0.24%,0.35%,2.36%,0.24%,2.29%,0.37%,1.58%,0.34%,0.05%,0.00%,2.55%,0.33%,0.02%,3.65%,0.31%,0.69%,0.01%,0.30%,2.75%,2.41%,3.26%,12.85%,2.79%,0.00%
"Speak English ""very well""",1.59%,1.46%,0.28%,2.64%,2.58%,3.29%,0.78%,2.17%,0.31%,0.36%,0.27%,1.23%,6.02%,3.27%,0.36%,0.27%,0.61%,1.03%,0.79%,0.77%,4.08%,1.30%,0.94%,0.84%,0.73%,1.17%,0.30%,0.24%,0.74%,3.14%,1.84%,1.25%,0.48%,0.98%,2.01%,1.44%,0.67%,0.69%,0.77%,2.56%,0.46%,0.40%,0.32%,0.32%,0.98%,2.02%,0.26%,0.64%,0.40%,0.61%,0.13%,1.08%,4.69%,1.15%,1.07%,2.43%,2.49%,0.00%,0.00%,2.86%,0.29%,1.06%,0.97%,0.32%,2.04%,5.96%,5.35%,5.61%,1.15%,3.22%,0.13%,0.05%,0.00%,0.06%,0.15%,0.35%,1.31%,0.30%,0.26%,0.29%,2.21%,0.09%,0.00%,0.00%,0.12%,0.00%,0.55%,0.23%,1.15%,0.32%,0.12%,1.10%,0.63%,0.18%,1.53%,0.55%,1.38%,0.17%,1.09%,1.74%,4.95%,1.18%,2.54%,1.41%,2.47%,1.00%,0.12%,3.89%,0.58%,0.55%,0.13%,0.03%,2.81%,0.34%,1.35%,0.00%,0.88%,3.94%,0.89%,0.42%,0.92%,2.53%,1.21%,0.80%,0.31%,6.27%,4.38%,8.11%,0.37%,0.48%,1.20%,7.61%,5.14%,0.72%,1.40%,0.25%,3.65%,13.60%,0.13%,0.63%,0.92%,2.13%,0.59%,0.16%,0.77%,1.44%,0.79%,1.28%,0.45%,0.65%,0.92%,1.36%,1.14%,6.31%,4.90%,0.47%,0.08%,0.72%,1.40%,0.53%,8.25%,8.19%,0.92%,7.79%,7.74%,6.10%,0.00%,0.04%,0.17%,1.35%,4.71%,0.64%,1.03%,1.10%,0.07%,0.27%,1.35%,0.20%,1.94%,0.34%,0.58%,0.27%,0.05%,0.00%,1.90%,0.18%,0.02%,1.75%,0.29%,0.69%,0.01%,0.14%,1.71%,0.33%,0.87%,5.42%,1.60%,0.00%
"Speak English less than ""very well""",1.87%,1.27%,0.60%,1.76%,1.86%,2.98%,1.00%,0.40%,0.32%,0.32%,0.16%,0.55%,0.83%,0.54%,0.21%,0.80%,0.34%,0.07%,0.03%,0.00%,0.00%,0.12%,0.70%,0.56%,0.35%,0.23%,0.04%,0.03%,0.39%,1.69%,0.88%,1.02%,0.24%,0.17%,0.33%,0.57%,0.29%,0.06%,0.09%,0.16%,0.18%,0.00%,0.14%,0.30%,0.81%,0.48%,0.29%,0.32%,0.00%,1.68%,0.00%,0.98%,1.27%,0.25%,0.00%,1.87%,0.92%,0.00%,0.00%,0.26%,0.37%,0.71%,0.24%,0.32%,2.27%,5.01%,4.05%,3.48%,0.61%,1.64%,0.02%,0.02%,0.00%,0.06%,0.10%,0.48%,1.03%,0.43%,0.53%,0.11%,2.06%,0.00%,0.01%,0.00%,1.22%,0.00%,0.71%,0.63%,0.20%,0.10%,0.18%,0.32%,0.00%,0.11%,0.58%,0.40%,0.00%,0.00%,0.81%,0.97%,1.61%,0.39%,0.87%,1.17%,3.00%,0.23%,0.01%,6.12%,0.06%,0.67%,0.10%,0.07%,2.73%,0.86%,0.91%,0.09%,0.55%,10.89%,0.25%,0.15%,0.22%,3.56%,2.19%,1.51%,0.13%,8.76%,10.61%,27.89%,0.35%,0.10%,1.69%,12.11%,10.98%,0.27%,1.03%,0.18%,2.11%,34.12%,0.21%,0.18%,0.16%,15.25%,0.98%,0.95%,0.13%,1.03%,0.81%,0.58%,0.25%,0.52%,0.00%,0.59%,0.70%,4.11%,3.00%,0.41%,0.18%,0.56%,1.21%,0.44%,10.71%,5.60%,0.75%,7.59%,4.10%,4.62%,0.00%,0.01%,0.01%,0.98%,5.35%,0.80%,0.70%,0.91%,0.17%,0.08%,1.00%,0.04%,0.34%,0.03%,1.00%,0.07%,0.00%,0.00%,0.66%,0.14%,0.00%,1.90%,0.03%,0.00%,0.00%,0.17%,1.04%,2.09%,2.39%,7.42%,1.18%,0.00%
Other Indo-European languages:,5.45%,5.53%,18.42%,6.60%,7.17%,6.83%,10.36%,0.00%,4.82%,3.99%,3.97%,7.04%,11.84%,4.62%,1.36%,2.08%,0.86%,3.08%,10.78%,5.76%,6.53%,5.26%,1.68%,2.70%,2.46%,4.50%,3.62%,3.73%,4.97%,6.71%,6.09%,6.00%,5.23%,3.90%,4.09%,2.90%,3.78%,2.30%,2.34%,6.44%,2.53%,1.23%,0.80%,1.36%,1.84%,1.67%,2.91%,6.18%,0.97%,2.97%,0.27%,2.25%,7.03%,4.25%,6.48%,4.56%,6.43%,0.00%,0.00%,8.43%,10.79%,5.87%,3.48%,3.88%,5.78%,9.39%,7.59%,4.16%,3.77%,5.17%,0.93%,1.05%,0.65%,0.54%,0.06%,12.39%,3.50%,6.87%,7.26%,5.24%,3.51%,5.60%,0.55%,0.09%,1.47%,3.23%,10.45%,2.77%,4.74%,13.43%,6.33%,21.64%,4.15%,7.10%,9.05%,15.49%,8.89%,3.14%,8.55%,15.69%,14.33%,15.26%,23.00%,15.19%,8.43%,3.07%,0.56%,8.74%,1.57%,1.10%,0.52%,6.91%,8.30%,2.57%,2.62%,0.69%,1.00%,8.30%,3.77%,2.43%,1.94%,13.01%,5.11%,2.30%,1.66%,3.32%,6.73%,1.89%,0.94%,1.82%,12.54%,4.28%,10.44%,2.86%,2.20%,1.13%,3.91%,5.87%,0.73%,1.77%,2.79%,0.03%,6.98%,7.59%,6.46%,15.57%,11.11%,10.03%,8.25%,8.02%,7.91%,3.88%,6.68%,5.13%,7.35%,3.62%,6.97%,17.80%,10.69%,11.47%,10.64%,7.93%,17.44%,5.20%,12.31%,7.63%,0.25%,0.84%,0.31%,10.19%,10.16%,16.73%,15.65%,12.68%,20.65%,8.66%,5.34%,0.69%,11.57%,25.15%,16.85%,9.84%,2.61%,0.00%,29.52%,7.47%,0.42%,16.80%,3.18%,0.80%,6.15%,7.87%,7.58%,1.97%,2.61%,2.44%,2.98%,0.30%
"Speak English ""very well""",3.21%,3.91%,11.24%,5.72%,5.54%,4.40%,8.10%,0.00%,2.74%,2.73%,2.87%,5.26%,10.03%,3.83%,0.96%,1.59%,0.67%,2.73%,10.34%,5.64%,6.53%,5.26%,1.23%,2.46%,2.18%,4.17%,3.29%,3.66%,4.62%,5.86%,3.78%,5.30%,4.86%,3.03%,3.55%,2.01%,3.19%,2.00%,1.98%,5.91%,1.66%,1.16%,0.65%,1.11%,1.09%,0.75%,2.00%,4.65%,0.96%,2.65%,0.23%,1.90%,5.14%,3.42%,5.96%,4.36%,5.61%,0.00%,0.00%,6.88%,9.52%,3.24%,2.31%,2.51%,4.43%,5.84%,5.17%,2.26%,2.34%,3.65%,0.33%,0.40%,0.34%,0.41%,0.06%,6.94%,2.43%,4.25%,3.62%,2.87%,2.77%,2.50%,0.35%,0.09%,0.67%,1.57%,7.18%,1.89%,3.56%,7.49%,4.59%,14.35%,3.47%,5.06%,5.56%,11.16%,2.96%,0.96%,3.74%,8.96%,8.22%,7.90%,14.23%,8.99%,7.63%,2.71%,0.37%,4.57%,1.41%,0.82%,0.34%,4.62%,5.95%,1.64%,1.94%,0.25%,0.62%,3.74%,3.35%,1.55%,1.71%,6.06%,2.81%,1.18%,1.01%,2.41%,2.69%,0.58%,0.75%,0.95%,7.22%,1.93%,4.31%,2.54%,1.08%,0.98%,2.21%,2.16%,0.44%,1.31%,2.30%,0.03%,2.67%,2.50%,1.97%,10.40%,5.85%,7.25%,5.55%,4.84%,6.58%,2.52%,4.11%,2.67%,4.03%,2.08%,3.40%,9.39%,5.08%,5.83%,7.05%,5.45%,7.44%,3.12%,7.54%,4.44%,0.17%,0.46%,0.08%,7.44%,6.96%,8.63%,9.63%,6.57%,10.76%,4.77%,3.11%,0.30%,7.09%,13.82%,8.81%,4.86%,1.38%,0.00%,15.47%,1.73%,0.24%,6.25%,1.50%,0.69%,5.09%,4.48%,3.38%,1.64%,1.90%,1.46%,2.58%,0.30%
"Speak English less than ""very well""",2.24%,1.62%,7.18%,0.88%,1.62%,2.43%,2.26%,0.00%,2.08%,1.26%,1.10%,1.78%,1.81%,0.79%,0.40%,0.49%,0.19%,0.35%,0.44%,0.12%,0.00%,0.00%,0.45%,0.23%,0.28%,0.32%,0.33%,0.08%,0.34%,0.85%,2.31%,0.70%,0.37%,0.86%,0.54%,0.89%,0.59%,0.30%,0.36%,0.53%,0.87%,0.07%,0.15%,0.25%,0.75%,0.92%,0.91%,1.53%,0.01%,0.31%,0.04%,0.34%,1.88%,0.83%,0.52%,0.20%,0.82%,0.00%,0.00%,1.55%,1.27%,2.63%,1.17%,1.37%,1.35%,3.55%,2.42%,1.90%,1.44%,1.51%,0.60%,0.66%,0.31%,0.14%,0.00%,5.45%,1.06%,2.62%,3.64%,2.38%,0.74%,3.10%,0.21%,0.00%,0.81%,1.67%,3.27%,0.87%,1.18%,5.94%,1.74%,7.29%,0.68%,2.04%,3.49%,4.33%,5.93%,2.17%,4.81%,6.73%,6.10%,7.35%,8.77%,6.21%,0.80%,0.36%,0.20%,4.18%,0.16%,0.28%,0.18%,2.29%,2.35%,0.93%,0.68%,0.44%,0.38%,4.56%,0.42%,0.88%,0.23%,6.95%,2.29%,1.12%,0.65%,0.91%,4.04%,1.30%,0.19%,0.87%,5.32%,2.35%,6.13%,0.33%,1.12%,0.15%,1.70%,3.71%,0.29%,0.46%,0.49%,0.00%,4.31%,5.09%,4.49%,5.17%,5.26%,2.78%,2.69%,3.18%,1.34%,1.35%,2.57%,2.46%,3.32%,1.54%,3.56%,8.40%,5.60%,5.64%,3.59%,2.48%,10.00%,2.08%,4.77%,3.19%,0.08%,0.38%,0.23%,2.76%,3.20%,8.10%,6.03%,6.11%,9.89%,3.89%,2.23%,0.39%,4.48%,11.32%,8.04%,4.98%,1.23%,0.00%,14.06%,5.75%,0.17%,10.55%,1.68%,0.11%,1.05%,3.39%,4.20%,0.33%,0.70%,0.98%,0.40%,0.00%
Korean:,0.87%,0.18%,0.29%,16.31%,21.78%,0.18%,0.00%,0.00%,0.05%,0.08%,0.56%,17.09%,11.93%,13.86%,0.01%,1.67%,0.34%,0.98%,2.15%,0.64%,1.41%,0.40%,1.95%,2.89%,0.48%,0.41%,0.42%,0.12%,2.35%,1.85%,4.94%,1.36%,0.49%,1.07%,0.60%,0.86%,0.90%,0.29%,1.11%,1.23%,0.51%,0.07%,0.40%,0.26%,0.35%,0.16%,0.00%,2.35%,0.58%,1.45%,0.28%,0.04%,1.83%,1.47%,9.96%,0.00%,0.51%,0.00%,0.00%,0.00%,0.23%,0.31%,0.04%,0.19%,0.51%,0.36%,0.17%,0.06%,0.12%,0.18%,0.06%,0.00%,0.00%,0.04%,0.00%,0.33%,0.63%,0.12%,0.10%,0.07%,0.55%,0.00%,0.04%,0.00%,0.16%,0.00%,0.55%,0.11%,0.25%,0.46%,0.08%,0.32%,0.00%,8.75%,5.29%,2.30%,0.00%,0.60%,2.23%,0.82%,1.01%,2.60%,1.15%,1.64%,1.51%,0.78%,0.06%,0.03%,0.79%,0.23%,0.09%,0.01%,0.17%,0.10%,0.41%,0.01%,0.16%,0.39%,0.80%,0.23%,0.56%,0.11%,0.00%,0.11%,0.14%,0.55%,0.26%,0.00%,0.24%,0.00%,0.09%,0.31%,0.04%,0.00%,0.13%,0.09%,0.18%,0.51%,0.01%,0.30%,0.36%,1.34%,15.30%,3.96%,4.21%,5.51%,17.49%,14.14%,15.16%,9.65%,11.11%,8.34%,6.41%,5.06%,0.36%,0.12%,0.42%,0.75%,1.00%,1.50%,1.53%,1.03%,2.44%,0.31%,0.24%,0.19%,0.00%,0.05%,0.14%,0.00%,0.25%,0.00%,0.00%,0.05%,0.02%,0.01%,0.07%,0.00%,0.04%,0.21%,1.43%,0.22%,0.00%,0.00%,0.40%,0.16%,0.05%,0.29%,0.00%,0.00%,0.00%,0.01%,0.39%,0.12%,0.08%,0.04%,0.09%,0.00%
"Speak English ""very well""",0.36%,0.13%,0.05%,10.15%,8.14%,0.07%,0.00%,0.00%,0.03%,0.08%,0.26%,7.72%,4.62%,7.68%,0.01%,1.29%,0.12%,0.65%,2.15%,0.59%,1.41%,0.40%,0.96%,1.99%,0.30%,0.37%,0.42%,0.09%,1.08%,1.35%,3.05%,0.79%,0.25%,0.89%,0.46%,0.48%,0.68%,0.23%,0.89%,1.11%,0.43%,0.07%,0.32%,0.16%,0.25%,0.11%,0.00%,1.71%,0.24%,1.33%,0.20%,0.04%,1.29%,1.13%,5.36%,0.00%,0.51%,0.00%,0.00%,0.00%,0.00%,0.04%,0.04%,0.09%,0.07%,0.07%,0.09%,0.00%,0.09%,0.09%,0.00%,0.00%,0.00%,0.00%,0.00%,0.18%,0.32%,0.08%,0.02%,0.01%,0.21%,0.00%,0.00%,0.00%,0.00%,0.00%,0.20%,0.08%,0.25%,0.09%,0.02%,0.11%,0.00%,3.51%,3.11%,0.68%,0.00%,0.00%,1.60%,0.42%,0.64%,0.78%,0.89%,0.56%,0.32%,0.58%,0.03%,0.02%,0.50%,0.14%,0.07%,0.00%,0.05%,0.05%,0.28%,0.00%,0.12%,0.09%,0.69%,0.20%,0.54%,0.11%,0.00%,0.08%,0.11%,0.41%,0.04%,0.00%,0.19%,0.00%,0.02%,0.15%,0.03%,0.00%,0.04%,0.07%,0.10%,0.19%,0.00%,0.27%,0.26%,0.00%,2.42%,0.43%,1.08%,2.01%,3.53%,4.85%,5.40%,4.10%,4.08%,2.82%,2.38%,1.98%,0.06%,0.01%,0.21%,0.33%,0.36%,0.48%,0.79%,0.57%,0.84%,0.16%,0.06%,0.10%,0.00%,0.00%,0.06%,0.00%,0.22%,0.00%,0.00%,0.00%,0.00%,0.01%,0.04%,0.00%,0.02%,0.04%,0.65%,0.05%,0.00%,0.00%,0.20%,0.06%,0.00%,0.12%,0.00%,0.00%,0.00%,0.00%,0.08%,0.00%,0.05%,0.00%,0.00%,0.00%
"Speak English less than ""very well""",0.52%,0.05%,0.24%,6.16%,13.63%,0.11%,0.00%,0.00%,0.02%,0.00%,0.31%,9.36%,7.31%,6.18%,0.00%,0.38%,0.22%,0.32%,0.00%,0.05%,0.00%,0.00%,0.99%,0.90%,0.18%,0.04%,0.00%,0.02%,1.27%,0.50%,1.89%,0.57%,0.24%,0.18%,0.14%,0.38%,0.22%,0.07%,0.22%,0.12%,0.08%,0.00%,0.09%,0.10%,0.10%,0.05%,0.00%,0.65%,0.34%,0.12%,0.09%,0.00%,0.54%,0.34%,4.61%,0.00%,0.00%,0.00%,0.00%,0.00%,0.23%,0.26%,0.00%,0.09%,0.45%,0.29%,0.09%,0.06%,0.02%,0.09%,0.06%,0.00%,0.00%,0.04%,0.00%,0.15%,0.31%,0.04%,0.07%,0.06%,0.35%,0.00%,0.04%,0.00%,0.16%,0.00%,0.35%,0.03%,0.00%,0.37%,0.06%,0.21%,0.00%,5.24%,2.18%,1.62%,0.00%,0.60%,0.64%,0.40%,0.37%,1.82%,0.26%,1.08%,1.19%,0.20%,0.03%,0.01%,0.28%,0.09%,0.02%,0.01%,0.12%,0.06%,0.12%,0.01%,0.04%,0.30%,0.11%,0.03%,0.03%,0.00%,0.00%,0.03%,0.03%,0.14%,0.22%,0.00%,0.05%,0.00%,0.06%,0.16%,0.01%,0.00%,0.09%,0.02%,0.08%,0.32%,0.01%,0.03%,0.09%,1.34%,12.88%,3.53%,3.13%,3.50%,13.96%,9.29%,9.75%,5.55%,7.03%,5.52%,4.02%,3.08%,0.30%,0.10%,0.21%,0.42%,0.63%,1.02%,0.74%,0.47%,1.60%,0.15%,0.18%,0.09%,0.00%,0.05%,0.09%,0.00%,0.03%,0.00%,0.00%,0.05%,0.02%,0.00%,0.03%,0.00%,0.02%,0.17%,0.78%,0.17%,0.00%,0.00%,0.20%,0.10%,0.05%,0.18%,0.00%,0.00%,0.00%,0.01%,0.31%,0.12%,0.02%,0.04%,0.09%,0.00%
"Chinese (incl. Mandarin, Cantonese):",6.24%,0.66%,0.07%,6.44%,8.10%,0.41%,3.23%,0.00%,0.15%,0.18%,0.74%,5.60%,12.20%,3.94%,0.31%,11.83%,37.53%,4.24%,2.88%,7.42%,5.99%,4.99%,7.81%,4.94%,2.71%,7.92%,24.07%,0.64%,6.10%,5.17%,10.11%,6.88%,1.68%,3.81%,3.77%,1.36%,4.71%,2.42%,4.23%,1.27%,4.79%,0.45%,1.55%,1.43%,0.45%,0.52%,0.77%,6.61%,1.24%,21.73%,0.57%,0.73%,18.02%,2.79%,8.86%,2.30%,1.70%,0.00%,0.00%,8.85%,3.50%,1.69%,1.28%,2.43%,4.92%,9.06%,4.55%,2.12%,1.60%,2.99%,0.32%,0.00%,0.43%,0.04%,0.15%,2.22%,1.08%,0.51%,0.44%,0.58%,1.29%,1.08%,0.19%,0.05%,0.71%,0.14%,0.19%,0.45%,3.12%,2.22%,1.44%,2.12%,0.00%,24.29%,13.50%,7.91%,0.00%,0.34%,6.15%,1.76%,2.86%,4.80%,1.31%,4.55%,8.82%,5.42%,0.43%,26.59%,3.31%,4.89%,0.62%,1.37%,7.03%,0.62%,1.75%,0.35%,0.51%,29.57%,1.88%,1.09%,2.23%,4.31%,20.22%,36.62%,1.19%,1.01%,19.15%,4.12%,0.59%,0.44%,29.99%,16.92%,3.00%,2.22%,13.63%,0.61%,2.55%,5.95%,1.22%,2.60%,1.05%,1.81%,39.60%,55.47%,20.89%,12.90%,21.25%,14.20%,18.92%,24.04%,13.99%,30.36%,28.62%,24.31%,18.85%,5.95%,3.28%,6.03%,4.54%,20.27%,13.47%,13.67%,8.63%,6.32%,6.33%,2.68%,0.00%,0.08%,0.06%,0.85%,3.71%,2.47%,3.96%,1.69%,0.60%,0.88%,8.12%,0.61%,1.15%,6.18%,3.83%,2.18%,0.29%,0.00%,2.54%,0.65%,0.22%,2.57%,0.34%,0.00%,0.00%,2.20%,1.69%,0.42%,1.52%,1.68%,0.68%,0.24%
"Speak English ""very well""",2.00%,0.30%,0.00%,3.62%,4.57%,0.15%,0.97%,0.00%,0.02%,0.00%,0.42%,3.83%,7.66%,2.22%,0.11%,5.05%,7.71%,2.39%,2.28%,7.32%,4.25%,3.04%,2.98%,2.94%,1.94%,3.91%,5.93%,0.56%,4.15%,2.35%,4.73%,5.00%,1.37%,2.93%,2.58%,1.16%,2.35%,1.19%,2.23%,1.14%,1.45%,0.15%,0.77%,0.83%,0.25%,0.25%,0.53%,4.51%,0.52%,7.13%,0.15%,0.51%,11.04%,1.99%,5.46%,1.47%,1.40%,0.00%,0.00%,6.52%,2.44%,0.61%,0.78%,0.56%,1.91%,2.94%,1.27%,0.85%,0.75%,1.01%,0.14%,0.00%,0.04%,0.04%,0.00%,0.73%,0.48%,0.25%,0.14%,0.32%,0.64%,0.33%,0.06%,0.00%,0.71%,0.00%,0.12%,0.25%,2.10%,1.00%,0.79%,0.86%,0.00%,15.35%,6.92%,4.61%,0.00%,0.00%,3.59%,1.10%,1.19%,1.99%,0.84%,2.36%,5.06%,2.72%,0.11%,7.96%,1.41%,1.21%,0.26%,0.59%,2.85%,0.24%,0.72%,0.05%,0.18%,8.91%,1.27%,0.67%,1.55%,1.81%,4.20%,6.31%,0.56%,0.64%,5.89%,1.06%,0.40%,0.22%,11.07%,5.44%,0.80%,0.74%,3.27%,0.21%,0.99%,1.81%,0.49%,1.09%,0.85%,0.12%,5.61%,7.72%,3.34%,3.91%,5.73%,4.90%,6.99%,11.68%,8.14%,10.85%,10.47%,9.29%,4.30%,1.33%,0.60%,1.81%,1.62%,6.82%,6.34%,6.52%,2.91%,2.12%,2.54%,0.92%,0.00%,0.03%,0.03%,0.17%,2.04%,0.88%,1.38%,0.56%,0.17%,0.10%,2.40%,0.22%,0.74%,2.04%,2.05%,0.69%,0.15%,0.00%,0.98%,0.12%,0.05%,0.94%,0.16%,0.00%,0.00%,1.07%,1.04%,0.08%,0.54%,0.91%,0.45%,0.24%
"Speak English less than ""very well""",4.24%,0.36%,0.07%,2.81%,3.53%,0.26%,2.26%,0.00%,0.13%,0.18%,0.32%,1.78%,4.54%,1.72%,0.20%,6.78%,29.82%,1.85%,0.60%,0.10%,1.74%,1.95%,4.83%,2.00%,0.77%,4.01%,18.14%,0.08%,1.95%,2.82%,5.39%,1.89%,0.31%,0.87%,1.19%,0.20%,2.35%,1.22%,2.00%,0.13%,3.34%,0.30%,0.77%,0.60%,0.20%,0.27%,0.23%,2.11%,0.71%,14.60%,0.42%,0.22%,6.98%,0.80%,3.39%,0.83%,0.30%,0.00%,0.00%,2.33%,1.06%,1.08%,0.51%,1.87%,3.01%,6.12%,3.28%,1.27%,0.85%,1.98%,0.18%,0.00%,0.40%,0.01%,0.15%,1.48%,0.60%,0.27%,0.30%,0.26%,0.65%,0.76%,0.13%,0.05%,0.00%,0.14%,0.07%,0.20%,1.02%,1.22%,0.65%,1.26%,0.00%,8.94%,6.58%,3.30%,0.00%,0.34%,2.55%,0.67%,1.67%,2.81%,0.47%,2.19%,3.76%,2.70%,0.32%,18.63%,1.90%,3.68%,0.36%,0.78%,4.18%,0.39%,1.03%,0.30%,0.33%,20.66%,0.60%,0.42%,0.68%,2.50%,16.02%,30.30%,0.63%,0.37%,13.26%,3.07%,0.19%,0.21%,18.92%,11.48%,2.20%,1.48%,10.36%,0.40%,1.56%,4.14%,0.73%,1.51%,0.20%,1.69%,34.00%,47.75%,17.55%,8.98%,15.52%,9.30%,11.93%,12.36%,5.85%,19.51%,18.16%,15.02%,14.55%,4.62%,2.68%,4.21%,2.92%,13.45%,7.13%,7.15%,5.72%,4.20%,3.79%,1.76%,0.00%,0.04%,0.03%,0.68%,1.67%,1.59%,2.58%,1.14%,0.43%,0.78%,5.72%,0.40%,0.41%,4.14%,1.78%,1.48%,0.14%,0.00%,1.56%,0.53%,0.17%,1.64%,0.18%,0.00%,0.00%,1.12%,0.65%,0.34%,0.98%,0.77%,0.23%,0.00%
Vietnamese:,0.14%,0.48%,0.00%,0.00%,0.04%,0.02%,0.00%,0.00%,0.01%,0.00%,0.77%,0.00%,0.00%,0.00%,0.00%,0.18%,0.21%,0.06%,0.00%,0.39%,0.00%,0.00%,0.03%,0.14%,0.10%,0.08%,0.05%,0.12%,0.00%,0.00%,0.11%,0.18%,0.26%,0.15%,0.13%,0.00%,0.02%,0.00%,0.15%,0.17%,0.05%,0.00%,0.28%,0.13%,0.05%,0.05%,0.00%,0.03%,0.08%,0.07%,0.00%,0.00%,0.27%,0.08%,0.00%,0.00%,0.02%,0.00%,0.00%,0.00%,0.00%,0.10%,0.44%,0.20%,0.19%,0.27%,0.03%,0.00%,0.00%,0.00%,0.10%,0.20%,0.00%,0.00%,0.23%,0.71%,0.01%,0.19%,0.38%,0.53%,0.00%,0.17%,0.09%,0.00%,0.00%,0.13%,0.48%,0.00%,0.29%,0.19%,0.01%,0.00%,0.00%,0.00%,0.27%,0.00%,0.00%,0.00%,0.16%,0.14%,0.26%,0.04%,0.17%,0.24%,0.45%,0.18%,0.00%,0.39%,0.00%,0.02%,0.00%,0.06%,0.22%,0.04%,0.14%,0.00%,0.05%,0.26%,0.07%,0.07%,0.16%,0.10%,0.07%,0.34%,0.04%,0.04%,0.21%,0.15%,0.02%,0.00%,0.38%,0.52%,0.00%,0.00%,0.29%,0.00%,0.00%,0.36%,0.00%,0.24%,0.16%,0.00%,0.29%,0.50%,0.05%,0.09%,0.60%,0.05%,0.00%,0.69%,0.44%,0.14%,0.31%,0.75%,0.22%,0.05%,0.24%,0.17%,0.17%,0.30%,0.10%,0.25%,0.33%,0.37%,0.75%,0.21%,0.00%,0.00%,0.00%,0.03%,0.46%,0.02%,0.00%,0.18%,0.12%,0.04%,0.38%,0.00%,0.04%,0.00%,0.04%,0.13%,0.00%,0.00%,0.01%,0.00%,0.18%,0.06%,0.00%,0.00%,0.00%,0.00%,0.00%,0.18%,0.00%,0.00%,0.00%,0.00%
"Speak English ""very well""",0.06%,0.11%,0.00%,0.00%,0.00%,0.00%,0.00%,0.00%,0.00%,0.00%,0.50%,0.00%,0.00%,0.00%,0.00%,0.18%,0.09%,0.06%,0.00%,0.39%,0.00%,0.00%,0.03%,0.11%,0.10%,0.08%,0.00%,0.06%,0.00%,0.00%,0.11%,0.18%,0.00%,0.15%,0.13%,0.00%,0.00%,0.00%,0.11%,0.17%,0.05%,0.00%,0.25%,0.13%,0.05%,0.00%,0.00%,0.03%,0.08%,0.07%,0.00%,0.00%,0.00%,0.08%,0.00%,0.00%,0.02%,0.00%,0.00%,0.00%,0.00%,0.00%,0.10%,0.06%,0.12%,0.18%,0.00%,0.00%,0.00%,0.00%,0.07%,0.04%,0.00%,0.00%,0.12%,0.25%,0.01%,0.00%,0.11%,0.16%,0.00%,0.04%,0.00%,0.00%,0.00%,0.03%,0.16%,0.00%,0.15%,0.07%,0.00%,0.00%,0.00%,0.00%,0.00%,0.00%,0.00%,0.00%,0.16%,0.00%,0.04%,0.04%,0.11%,0.12%,0.45%,0.13%,0.00%,0.14%,0.00%,0.02%,0.00%,0.01%,0.04%,0.04%,0.11%,0.00%,0.02%,0.17%,0.07%,0.05%,0.14%,0.03%,0.04%,0.04%,0.04%,0.04%,0.03%,0.00%,0.02%,0.00%,0.07%,0.13%,0.00%,0.00%,0.14%,0.00%,0.00%,0.15%,0.00%,0.13%,0.07%,0.00%,0.01%,0.19%,0.00%,0.03%,0.02%,0.00%,0.00%,0.00%,0.44%,0.11%,0.04%,0.75%,0.00%,0.03%,0.05%,0.04%,0.08%,0.13%,0.05%,0.18%,0.10%,0.07%,0.17%,0.05%,0.00%,0.00%,0.00%,0.03%,0.46%,0.00%,0.00%,0.06%,0.08%,0.00%,0.10%,0.00%,0.02%,0.00%,0.00%,0.06%,0.00%,0.00%,0.00%,0.00%,0.03%,0.00%,0.00%,0.00%,0.00%,0.00%,0.00%,0.05%,0.00%,0.00%,0.00%,0.00%
"Speak English less than ""very well""",0.09%,0.37%,0.00%,0.00%,0.04%,0.02%,0.00%,0.00%,0.01%,0.00%,0.26%,0.00%,0.00%,0.00%,0.00%,0.00%,0.12%,0.00%,0.00%,0.00%,0.00%,0.00%,0.00%,0.03%,0.00%,0.00%,0.05%,0.06%,0.00%,0.00%,0.00%,0.00%,0.26%,0.00%,0.00%,0.00%,0.02%,0.00%,0.04%,0.00%,0.00%,0.00%,0.03%,0.00%,0.00%,0.05%,0.00%,0.00%,0.00%,0.00%,0.00%,0.00%,0.27%,0.00%,0.00%,0.00%,0.00%,0.00%,0.00%,0.00%,0.00%,0.10%,0.34%,0.14%,0.07%,0.09%,0.03%,0.00%,0.00%,0.00%,0.04%,0.16%,0.00%,0.00%,0.12%,0.46%,0.00%,0.19%,0.27%,0.37%,0.00%,0.13%,0.09%,0.00%,0.00%,0.10%,0.32%,0.00%,0.14%,0.11%,0.01%,0.00%,0.00%,0.00%,0.27%,0.00%,0.00%,0.00%,0.00%,0.14%,0.22%,0.00%,0.05%,0.12%,0.00%,0.05%,0.00%,0.25%,0.00%,0.00%,0.00%,0.05%,0.17%,0.00%,0.03%,0.00%,0.03%,0.09%,0.00%,0.03%,0.02%,0.07%,0.03%,0.30%,0.00%,0.00%,0.18%,0.15%,0.00%,0.00%,0.31%,0.39%,0.00%,0.00%,0.15%,0.00%,0.00%,0.20%,0.00%,0.11%,0.09%,0.00%,0.28%,0.31%,0.05%,0.06%,0.58%,0.05%,0.00%,0.69%,0.00%,0.03%,0.27%,0.00%,0.22%,0.02%,0.19%,0.13%,0.10%,0.17%,0.05%,0.07%,0.23%,0.30%,0.58%,0.16%,0.00%,0.00%,0.00%,0.00%,0.00%,0.02%,0.00%,0.11%,0.04%,0.04%,0.28%,0.00%,0.02%,0.00%,0.04%,0.07%,0.00%,0.00%,0.01%,0.00%,0.15%,0.06%,0.00%,0.00%,0.00%,0.00%,0.00%,0.13%,0.00%,0.00%,0.00%,0.00%
Tagalog (incl. Filipino):,0.62%,2.80%,1.47%,0.91%,1.09%,1.11%,2.02%,0.85%,0.54%,0.00%,6.52%,1.09%,1.02%,0.81%,0.36%,0.28%,0.29%,0.34%,0.00%,0.14%,0.00%,0.00%,0.25%,0.18%,0.35%,0.16%,0.14%,0.12%,0.38%,0.56%,0.41%,0.80%,0.19%,0.73%,0.07%,0.23%,0.15%,0.29%,0.09%,0.22%,0.38%,0.04%,0.29%,0.43%,0.31%,0.07%,0.34%,0.03%,0.52%,0.00%,0.15%,0.16%,1.20%,0.32%,0.00%,0.40%,0.80%,0.00%,0.00%,0.00%,0.41%,0.39%,2.41%,0.75%,0.76%,1.42%,0.15%,0.01%,0.64%,0.30%,0.09%,0.15%,0.03%,0.04%,0.04%,1.44%,0.25%,0.37%,0.27%,0.73%,0.62%,0.01%,0.11%,0.09%,1.33%,0.31%,1.39%,1.19%,0.24%,1.42%,1.11%,3.31%,0.00%,0.00%,0.17%,1.28%,0.00%,0.00%,1.17%,1.69%,0.95%,1.30%,0.76%,1.93%,1.10%,0.39%,0.16%,0.12%,0.14%,0.04%,0.05%,0.01%,0.61%,0.18%,0.14%,0.01%,0.01%,0.21%,0.14%,0.21%,0.06%,0.17%,0.13%,0.14%,0.14%,0.05%,0.10%,0.05%,0.24%,0.19%,0.60%,0.53%,0.08%,0.37%,0.25%,0.09%,0.63%,0.47%,0.25%,0.56%,0.26%,0.03%,0.87%,1.15%,1.78%,0.37%,1.07%,0.80%,0.55%,0.84%,0.48%,1.69%,0.76%,3.30%,1.46%,0.72%,1.15%,1.19%,1.60%,6.01%,2.19%,1.17%,4.09%,1.15%,1.21%,0.44%,0.00%,0.21%,0.05%,1.32%,1.18%,1.22%,0.95%,0.84%,0.69%,0.57%,0.99%,0.17%,4.31%,2.89%,4.63%,3.17%,0.21%,2.97%,3.28%,0.54%,0.20%,1.39%,0.28%,0.16%,0.00%,2.91%,1.28%,0.50%,0.63%,0.25%,0.49%,0.00%
"Speak English ""very well""",0.43%,1.77%,1.15%,0.91%,1.00%,0.84%,2.02%,0.85%,0.49%,0.00%,4.10%,0.62%,1.02%,0.81%,0.24%,0.14%,0.08%,0.19%,0.00%,0.14%,0.00%,0.00%,0.10%,0.11%,0.16%,0.13%,0.14%,0.12%,0.30%,0.56%,0.41%,0.62%,0.19%,0.73%,0.07%,0.15%,0.12%,0.27%,0.04%,0.22%,0.20%,0.00%,0.23%,0.40%,0.24%,0.07%,0.29%,0.03%,0.47%,0.00%,0.15%,0.12%,1.20%,0.31%,0.00%,0.40%,0.79%,0.00%,0.00%,0.00%,0.00%,0.23%,2.10%,0.39%,0.64%,1.02%,0.14%,0.01%,0.41%,0.22%,0.04%,0.05%,0.03%,0.04%,0.01%,0.87%,0.21%,0.27%,0.17%,0.44%,0.53%,0.01%,0.08%,0.09%,0.89%,0.19%,1.07%,0.97%,0.15%,0.88%,0.78%,2.94%,0.00%,0.00%,0.17%,1.14%,0.00%,0.00%,0.68%,1.22%,0.66%,0.87%,0.65%,1.63%,1.10%,0.35%,0.10%,0.11%,0.10%,0.04%,0.05%,0.00%,0.45%,0.15%,0.09%,0.01%,0.01%,0.16%,0.13%,0.20%,0.06%,0.14%,0.06%,0.10%,0.14%,0.03%,0.09%,0.05%,0.24%,0.18%,0.47%,0.38%,0.08%,0.37%,0.13%,0.09%,0.35%,0.26%,0.15%,0.41%,0.14%,0.03%,0.21%,0.45%,0.88%,0.08%,0.63%,0.80%,0.40%,0.79%,0.48%,1.23%,0.68%,2.82%,0.97%,0.43%,0.68%,0.59%,1.07%,4.07%,1.79%,0.73%,2.74%,0.83%,0.89%,0.33%,0.00%,0.13%,0.04%,1.12%,0.74%,0.70%,0.65%,0.55%,0.55%,0.35%,0.77%,0.09%,2.59%,2.19%,2.91%,1.87%,0.20%,0.00%,2.49%,0.23%,0.08%,0.66%,0.15%,0.16%,0.00%,1.99%,1.00%,0.32%,0.46%,0.14%,0.40%,0.00%
"Speak English less than ""very well""",0.19%,1.03%,0.32%,0.00%,0.09%,0.27%,0.00%,0.00%,0.06%,0.00%,2.42%,0.48%,0.00%,0.00%,0.12%,0.14%,0.21%,0.16%,0.00%,0.00%,0.00%,0.00%,0.15%,0.07%,0.20%,0.04%,0.00%,0.00%,0.08%,0.00%,0.00%,0.18%,0.00%,0.00%,0.00%,0.08%,0.03%,0.02%,0.05%,0.00%,0.18%,0.04%,0.06%,0.03%,0.07%,0.00%,0.05%,0.00%,0.05%,0.00%,0.00%,0.04%,0.00%,0.00%,0.00%,0.00%,0.01%,0.00%,0.00%,0.00%,0.41%,0.16%,0.31%,0.36%,0.12%,0.40%,0.01%,0.00%,0.22%,0.08%,0.05%,0.11%,0.00%,0.00%,0.03%,0.57%,0.05%,0.10%,0.10%,0.29%,0.09%,0.00%,0.02%,0.00%,0.45%,0.12%,0.32%,0.22%,0.08%,0.54%,0.33%,0.37%,0.00%,0.00%,0.00%,0.15%,0.00%,0.00%,0.50%,0.47%,0.30%,0.43%,0.11%,0.31%,0.00%,0.04%,0.06%,0.01%,0.04%,0.00%,0.00%,0.01%,0.16%,0.03%,0.05%,0.00%,0.00%,0.05%,0.01%,0.01%,0.00%,0.03%,0.07%,0.04%,0.00%,0.03%,0.01%,0.00%,0.00%,0.01%,0.13%,0.15%,0.00%,0.00%,0.12%,0.00%,0.28%,0.21%,0.10%,0.15%,0.12%,0.00%,0.65%,0.70%,0.90%,0.29%,0.44%,0.00%,0.16%,0.05%,0.00%,0.46%,0.09%,0.48%,0.49%,0.29%,0.48%,0.59%,0.53%,1.94%,0.39%,0.45%,1.34%,0.32%,0.32%,0.11%,0.00%,0.08%,0.01%,0.19%,0.43%,0.52%,0.30%,0.29%,0.14%,0.21%,0.23%,0.07%,1.72%,0.70%,1.72%,1.29%,0.02%,2.97%,0.79%,0.31%,0.12%,0.73%,0.13%,0.00%,0.00%,0.91%,0.28%,0.19%,0.17%,0.11%,0.09%,0.00%
Other Asian and Pacific Island languages:,1.05%,1.49%,0.51%,6.60%,2.92%,0.35%,0.00%,0.00%,0.06%,0.29%,0.53%,0.82%,3.83%,4.31%,0.11%,1.91%,0.54%,1.58%,0.89%,2.65%,1.67%,1.34%,1.36%,0.90%,1.35%,1.27%,1.09%,0.27%,2.77%,2.77%,1.89%,2.36%,1.19%,2.37%,1.29%,0.53%,0.77%,0.90%,0.91%,1.56%,0.84%,0.47%,0.85%,0.39%,0.33%,0.68%,0.29%,1.95%,0.00%,0.27%,0.30%,0.89%,3.97%,2.10%,4.86%,0.40%,2.09%,3.80%,0.00%,0.24%,3.03%,0.94%,0.41%,0.50%,1.40%,1.09%,0.75%,0.37%,0.36%,0.26%,0.19%,0.13%,0.00%,0.32%,0.03%,0.86%,0.61%,0.30%,0.20%,1.28%,1.12%,0.08%,0.13%,0.00%,0.00%,0.11%,1.61%,1.47%,0.85%,4.12%,2.45%,8.57%,0.00%,0.32%,1.06%,8.09%,0.00%,0.92%,2.01%,1.80%,1.66%,6.50%,1.65%,3.37%,8.54%,1.16%,0.13%,1.47%,0.51%,0.27%,0.36%,0.07%,0.86%,0.43%,0.74%,0.03%,0.34%,1.67%,1.12%,0.75%,0.76%,1.44%,1.02%,0.79%,0.39%,0.94%,1.49%,0.20%,0.41%,0.36%,0.65%,1.73%,3.75%,0.83%,0.58%,0.19%,0.40%,3.27%,0.14%,1.03%,1.16%,0.00%,0.78%,1.24%,0.89%,0.78%,0.90%,0.61%,1.25%,0.96%,2.51%,2.14%,0.63%,1.24%,0.47%,0.99%,0.41%,1.23%,2.68%,6.01%,3.69%,3.25%,5.24%,1.07%,0.48%,0.73%,0.01%,0.05%,0.08%,0.00%,1.19%,0.64%,0.48%,0.98%,0.58%,0.27%,1.41%,0.00%,0.33%,4.40%,2.82%,1.36%,0.29%,0.00%,1.81%,0.15%,0.03%,0.59%,0.03%,0.16%,0.24%,0.78%,1.22%,0.12%,0.30%,0.19%,0.21%,0.03%
"Speak English ""very well""",0.55%,1.17%,0.42%,3.04%,1.07%,0.28%,0.00%,0.00%,0.06%,0.20%,0.29%,0.41%,2.81%,3.83%,0.01%,1.11%,0.22%,1.00%,0.89%,1.30%,0.00%,1.03%,1.18%,0.71%,0.91%,0.43%,0.77%,0.27%,1.40%,2.53%,0.82%,1.36%,0.88%,1.25%,0.91%,0.43%,0.46%,0.64%,0.67%,0.73%,0.63%,0.37%,0.75%,0.26%,0.24%,0.54%,0.15%,1.20%,0.00%,0.18%,0.30%,0.51%,1.23%,0.92%,1.62%,0.40%,1.36%,3.80%,0.00%,0.24%,2.25%,0.61%,0.32%,0.22%,0.66%,0.66%,0.53%,0.18%,0.28%,0.13%,0.09%,0.09%,0.00%,0.19%,0.01%,0.52%,0.40%,0.15%,0.13%,0.40%,0.42%,0.08%,0.11%,0.00%,0.00%,0.00%,0.92%,0.92%,0.65%,2.68%,1.34%,5.49%,0.00%,0.32%,0.67%,5.28%,0.00%,0.76%,1.39%,0.95%,0.94%,2.85%,0.96%,1.69%,1.21%,0.86%,0.08%,0.44%,0.30%,0.23%,0.27%,0.02%,0.52%,0.25%,0.44%,0.03%,0.26%,0.58%,0.83%,0.47%,0.61%,0.65%,0.43%,0.36%,0.30%,0.76%,0.46%,0.04%,0.18%,0.20%,0.30%,0.64%,0.91%,0.69%,0.30%,0.13%,0.26%,1.22%,0.09%,0.54%,0.90%,0.00%,0.36%,0.55%,0.41%,0.52%,0.28%,0.20%,0.38%,0.73%,1.79%,1.48%,0.32%,0.51%,0.23%,0.48%,0.10%,0.51%,1.13%,2.36%,1.50%,1.95%,1.89%,0.81%,0.28%,0.44%,0.00%,0.02%,0.08%,0.00%,0.61%,0.30%,0.40%,0.52%,0.40%,0.19%,1.02%,0.00%,0.13%,3.49%,1.47%,0.65%,0.18%,0.00%,1.05%,0.05%,0.00%,0.54%,0.00%,0.16%,0.24%,0.48%,0.74%,0.05%,0.10%,0.19%,0.12%,0.00%
"Speak English less than ""very well""",0.49%,0.32%,0.09%,3.57%,1.85%,0.07%,0.00%,0.00%,0.00%,0.09%,0.24%,0.41%,1.02%,0.48%,0.10%,0.80%,0.32%,0.59%,0.00%,1.35%,1.67%,0.31%,0.18%,0.19%,0.45%,0.84%,0.32%,0.00%,1.37%,0.24%,1.06%,1.00%,0.32%,1.12%,0.38%,0.10%,0.31%,0.26%,0.24%,0.83%,0.21%,0.11%,0.10%,0.13%,0.09%,0.14%,0.14%,0.75%,0.00%,0.09%,0.00%,0.38%,2.74%,1.18%,3.23%,0.00%,0.73%,0.00%,0.00%,0.00%,0.78%,0.33%,0.09%,0.28%,0.74%,0.43%,0.22%,0.19%,0.08%,0.13%,0.10%,0.03%,0.00%,0.13%,0.02%,0.34%,0.21%,0.15%,0.07%,0.88%,0.71%,0.00%,0.02%,0.00%,0.00%,0.11%,0.70%,0.54%,0.20%,1.44%,1.10%,3.08%,0.00%,0.00%,0.38%,2.81%,0.00%,0.17%,0.62%,0.85%,0.72%,3.65%,0.69%,1.68%,7.33%,0.31%,0.05%,1.03%,0.21%,0.04%,0.09%,0.05%,0.34%,0.19%,0.30%,0.00%,0.08%,1.08%,0.29%,0.28%,0.15%,0.79%,0.59%,0.43%,0.09%,0.18%,1.04%,0.15%,0.23%,0.17%,0.35%,1.09%,2.83%,0.14%,0.29%,0.06%,0.14%,2.04%,0.04%,0.49%,0.26%,0.00%,0.42%,0.70%,0.48%,0.26%,0.61%,0.41%,0.87%,0.23%,0.72%,0.67%,0.31%,0.73%,0.24%,0.51%,0.30%,0.72%,1.55%,3.65%,2.19%,1.30%,3.35%,0.26%,0.20%,0.29%,0.01%,0.03%,0.00%,0.00%,0.58%,0.34%,0.09%,0.46%,0.18%,0.08%,0.39%,0.00%,0.21%,0.91%,1.35%,0.71%,0.10%,0.00%,0.77%,0.10%,0.03%,0.05%,0.03%,0.00%,0.00%,0.30%,0.48%,0.07%,0.20%,0.00%,0.08%,0.03%
Arabic:,0.87%,7.58%,0.00%,0.99%,0.97%,0.61%,1.05%,0.00%,0.57%,0.33%,1.48%,0.00%,1.40%,0.15%,0.13%,0.23%,0.26%,0.24%,0.00%,0.00%,0.00%,0.00%,0.48%,0.44%,0.06%,0.32%,0.08%,0.23%,0.49%,0.84%,0.39%,1.23%,0.18%,0.22%,0.25%,0.11%,0.47%,0.07%,1.08%,0.05%,0.57%,0.46%,0.55%,0.15%,0.37%,0.17%,0.86%,0.70%,0.70%,0.07%,2.07%,0.10%,2.86%,0.46%,0.82%,0.07%,0.22%,0.00%,0.00%,0.00%,0.00%,2.13%,0.31%,2.54%,1.90%,4.19%,1.08%,1.89%,0.82%,1.38%,1.04%,0.42%,0.28%,0.31%,0.22%,0.32%,0.52%,0.49%,0.88%,0.16%,0.17%,1.08%,0.00%,0.00%,0.16%,0.04%,1.30%,1.01%,0.53%,0.25%,0.04%,0.18%,0.00%,0.00%,0.15%,0.29%,0.00%,0.10%,0.61%,2.55%,2.42%,1.14%,3.70%,1.79%,0.00%,0.72%,0.51%,2.23%,0.13%,0.18%,0.43%,0.27%,8.99%,0.84%,0.17%,0.28%,0.34%,2.86%,0.64%,0.58%,0.84%,0.81%,1.17%,2.32%,0.25%,0.38%,3.44%,1.61%,0.55%,1.14%,3.35%,1.82%,1.22%,0.59%,0.80%,0.68%,1.35%,2.64%,0.89%,0.40%,0.76%,0.33%,0.10%,0.21%,0.71%,0.36%,0.05%,0.29%,0.63%,0.01%,0.00%,0.17%,0.33%,0.83%,0.79%,0.35%,0.47%,1.91%,0.69%,0.27%,0.81%,0.42%,0.77%,0.82%,0.46%,1.74%,0.00%,0.25%,0.00%,0.26%,0.75%,0.90%,0.39%,1.57%,0.19%,0.28%,0.58%,0.00%,0.00%,0.15%,0.17%,0.00%,0.03%,0.00%,1.38%,0.96%,0.16%,0.99%,0.00%,0.00%,0.00%,0.17%,0.11%,0.23%,0.06%,0.00%,0.19%,0.30%
"Speak English ""very well""",0.51%,4.29%,0.00%,0.84%,0.89%,0.18%,0.91%,0.00%,0.23%,0.33%,0.89%,0.00%,1.40%,0.07%,0.06%,0.23%,0.24%,0.18%,0.00%,0.00%,0.00%,0.00%,0.41%,0.35%,0.06%,0.32%,0.08%,0.23%,0.45%,0.66%,0.39%,0.87%,0.18%,0.22%,0.17%,0.11%,0.31%,0.07%,0.78%,0.05%,0.35%,0.23%,0.34%,0.13%,0.12%,0.12%,0.60%,0.65%,0.67%,0.07%,1.13%,0.10%,2.36%,0.31%,0.82%,0.07%,0.13%,0.00%,0.00%,0.00%,0.00%,1.57%,0.17%,2.23%,1.17%,3.39%,0.78%,1.55%,0.51%,1.16%,0.27%,0.18%,0.01%,0.17%,0.05%,0.19%,0.39%,0.32%,0.36%,0.11%,0.11%,0.52%,0.00%,0.00%,0.16%,0.00%,1.05%,0.60%,0.30%,0.12%,0.02%,0.18%,0.00%,0.00%,0.04%,0.28%,0.00%,0.00%,0.45%,1.39%,1.56%,0.53%,2.52%,0.85%,0.00%,0.57%,0.32%,1.29%,0.09%,0.10%,0.28%,0.15%,5.83%,0.59%,0.15%,0.18%,0.18%,1.46%,0.58%,0.21%,0.68%,0.28%,0.50%,1.22%,0.19%,0.08%,1.04%,0.56%,0.26%,0.73%,1.88%,0.66%,0.63%,0.48%,0.23%,0.51%,0.84%,0.81%,0.59%,0.22%,0.26%,0.00%,0.07%,0.08%,0.29%,0.26%,0.03%,0.11%,0.49%,0.01%,0.00%,0.17%,0.22%,0.78%,0.57%,0.32%,0.21%,1.38%,0.44%,0.15%,0.54%,0.20%,0.46%,0.29%,0.42%,0.79%,0.00%,0.00%,0.00%,0.26%,0.43%,0.69%,0.33%,0.97%,0.10%,0.24%,0.40%,0.00%,0.00%,0.09%,0.13%,0.00%,0.03%,0.00%,0.70%,0.18%,0.01%,0.31%,0.00%,0.00%,0.00%,0.17%,0.11%,0.19%,0.00%,0.00%,0.14%,0.00%
"Speak English less than ""very well""",0.36%,3.29%,0.00%,0.14%,0.08%,0.42%,0.13%,0.00%,0.33%,0.00%,0.59%,0.00%,0.00%,0.08%,0.06%,0.00%,0.02%,0.06%,0.00%,0.00%,0.00%,0.00%,0.07%,0.09%,0.00%,0.00%,0.00%,0.00%,0.04%,0.18%,0.00%,0.37%,0.00%,0.00%,0.08%,0.00%,0.16%,0.00%,0.29%,0.00%,0.23%,0.23%,0.21%,0.02%,0.25%,0.05%,0.26%,0.05%,0.03%,0.00%,0.94%,0.00%,0.49%,0.14%,0.00%,0.00%,0.09%,0.00%,0.00%,0.00%,0.00%,0.56%,0.14%,0.32%,0.73%,0.79%,0.30%,0.34%,0.31%,0.21%,0.78%,0.24%,0.27%,0.14%,0.18%,0.13%,0.14%,0.17%,0.53%,0.05%,0.06%,0.56%,0.00%,0.00%,0.00%,0.04%,0.26%,0.41%,0.23%,0.13%,0.02%,0.00%,0.00%,0.00%,0.10%,0.01%,0.00%,0.10%,0.16%,1.16%,0.85%,0.60%,1.18%,0.94%,0.00%,0.14%,0.19%,0.94%,0.04%,0.07%,0.15%,0.12%,3.16%,0.25%,0.02%,0.09%,0.16%,1.40%,0.05%,0.37%,0.16%,0.52%,0.67%,1.09%,0.06%,0.30%,2.40%,1.06%,0.29%,0.41%,1.46%,1.17%,0.58%,0.10%,0.57%,0.16%,0.51%,1.83%,0.30%,0.19%,0.49%,0.33%,0.04%,0.13%,0.42%,0.11%,0.02%,0.17%,0.14%,0.00%,0.00%,0.00%,0.11%,0.05%,0.21%,0.03%,0.26%,0.53%,0.25%,0.12%,0.27%,0.22%,0.32%,0.53%,0.04%,0.95%,0.00%,0.25%,0.00%,0.00%,0.32%,0.21%,0.06%,0.59%,0.09%,0.04%,0.18%,0.00%,0.00%,0.05%,0.04%,0.00%,0.00%,0.00%,0.68%,0.78%,0.15%,0.68%,0.00%,0.00%,0.00%,0.00%,0.00%,0.04%,0.06%,0.00%,0.04%,0.30%
Other and unspecified languages:,1.95%,0.47%,1.87%,2.15%,1.04%,1.00%,2.31%,1.77%,0.51%,1.60%,3.51%,1.09%,2.19%,4.77%,0.45%,0.57%,0.81%,0.45%,0.28%,0.39%,1.10%,0.45%,0.80%,0.92%,1.06%,0.81%,0.37%,0.32%,1.29%,0.33%,0.52%,1.98%,0.94%,0.85%,1.63%,1.65%,1.31%,3.71%,2.80%,1.54%,1.56%,4.80%,2.82%,0.90%,2.21%,0.42%,1.65%,0.83%,4.23%,0.46%,6.34%,0.66%,1.84%,1.60%,3.36%,0.34%,1.47%,0.00%,0.00%,1.67%,0.00%,1.52%,1.22%,3.38%,2.54%,0.36%,0.45%,0.08%,2.38%,0.18%,3.58%,4.94%,3.54%,5.56%,4.70%,1.19%,1.80%,0.42%,3.43%,4.96%,2.42%,1.73%,3.92%,3.15%,4.58%,3.57%,1.04%,1.36%,0.91%,0.49%,1.77%,0.40%,0.97%,1.52%,2.40%,0.30%,0.00%,1.45%,0.50%,0.57%,0.57%,1.21%,0.15%,0.23%,0.00%,0.97%,1.78%,2.85%,2.43%,0.91%,1.80%,2.06%,0.89%,4.76%,2.08%,1.43%,3.35%,0.84%,0.74%,1.97%,0.98%,2.01%,3.79%,0.39%,1.32%,0.58%,3.35%,0.77%,4.63%,2.77%,0.50%,2.11%,5.10%,0.34%,0.49%,1.70%,3.19%,1.76%,1.33%,0.27%,1.51%,0.89%,0.10%,0.07%,0.00%,0.17%,0.31%,1.21%,0.47%,0.49%,0.00%,1.18%,0.75%,4.62%,4.67%,1.03%,0.46%,0.17%,0.74%,0.22%,1.97%,1.81%,0.26%,0.11%,0.33%,0.26%,0.77%,1.67%,2.02%,0.87%,2.86%,0.12%,0.21%,0.81%,0.16%,0.33%,0.23%,2.81%,2.98%,0.25%,2.55%,0.13%,1.24%,0.00%,1.80%,1.57%,2.26%,0.52%,1.23%,1.43%,6.52%,0.89%,3.96%,4.19%,4.57%,0.61%,1.01%,0.50%
"Speak English ""very well""",1.46%,0.25%,1.61%,1.86%,0.92%,0.94%,2.31%,0.85%,0.28%,1.22%,2.15%,1.09%,2.19%,4.27%,0.31%,0.44%,0.70%,0.42%,0.28%,0.39%,0.57%,0.45%,0.73%,0.73%,1.06%,0.67%,0.34%,0.32%,1.29%,0.00%,0.32%,1.71%,0.94%,0.67%,1.11%,1.59%,1.03%,2.52%,2.10%,1.35%,1.34%,3.08%,2.15%,0.83%,2.04%,0.39%,1.54%,0.78%,3.36%,0.46%,5.09%,0.66%,1.21%,1.47%,3.36%,0.34%,1.37%,0.00%,0.00%,1.67%,0.00%,1.39%,0.99%,3.03%,2.38%,0.26%,0.30%,0.08%,2.15%,0.18%,1.93%,3.04%,2.70%,3.75%,3.62%,0.76%,1.32%,0.35%,2.34%,4.10%,1.86%,1.37%,2.98%,1.92%,3.89%,2.54%,1.01%,1.08%,0.67%,0.35%,1.53%,0.29%,0.97%,0.89%,1.64%,0.27%,0.00%,1.16%,0.32%,0.33%,0.34%,0.58%,0.10%,0.18%,0.00%,0.67%,1.38%,1.94%,1.73%,0.72%,1.48%,1.81%,0.76%,4.01%,1.51%,1.22%,2.48%,0.41%,0.73%,1.54%,0.74%,1.46%,2.90%,0.20%,0.91%,0.36%,2.06%,0.55%,3.65%,2.10%,0.30%,1.39%,3.56%,0.32%,0.35%,1.40%,2.27%,0.81%,1.00%,0.25%,1.37%,0.79%,0.09%,0.04%,0.00%,0.16%,0.28%,1.21%,0.46%,0.43%,0.00%,1.12%,0.43%,3.96%,3.90%,0.94%,0.38%,0.11%,0.38%,0.12%,1.38%,1.21%,0.20%,0.05%,0.15%,0.20%,0.67%,1.20%,1.51%,0.73%,2.09%,0.12%,0.05%,0.56%,0.12%,0.32%,0.07%,2.04%,2.29%,0.18%,1.98%,0.10%,0.67%,0.00%,1.38%,0.64%,1.33%,0.38%,0.84%,0.74%,6.52%,0.67%,2.83%,3.93%,4.11%,0.24%,0.52%,0.50%
"Speak English less than ""very well""",0.48%,0.22%,0.25%,0.28%,0.12%,0.06%,0.00%,0.93%,0.23%,0.38%,1.37%,0.00%,0.00%,0.51%,0.14%,0.13%,0.11%,0.03%,0.00%,0.00%,0.54%,0.00%,0.07%,0.20%,0.00%,0.14%,0.03%,0.00%,0.00%,0.33%,0.20%,0.27%,0.00%,0.17%,0.51%,0.06%,0.29%,1.19%,0.70%,0.20%,0.22%,1.72%,0.67%,0.07%,0.17%,0.03%,0.11%,0.05%,0.86%,0.00%,1.26%,0.00%,0.63%,0.13%,0.00%,0.00%,0.10%,0.00%,0.00%,0.00%,0.00%,0.13%,0.23%,0.35%,0.16%,0.10%,0.15%,0.00%,0.22%,0.00%,1.65%,1.91%,0.85%,1.81%,1.08%,0.43%,0.48%,0.08%,1.09%,0.86%,0.55%,0.36%,0.94%,1.23%,0.69%,1.03%,0.03%,0.28%,0.25%,0.13%,0.24%,0.11%,0.00%,0.64%,0.76%,0.03%,0.00%,0.29%,0.17%,0.23%,0.23%,0.63%,0.05%,0.05%,0.00%,0.30%,0.40%,0.91%,0.70%,0.19%,0.32%,0.25%,0.14%,0.75%,0.57%,0.22%,0.87%,0.43%,0.01%,0.43%,0.25%,0.55%,0.89%,0.19%,0.40%,0.23%,1.29%,0.22%,0.98%,0.67%,0.19%,0.72%,1.54%,0.02%,0.15%,0.31%,0.93%,0.95%,0.33%,0.02%,0.14%,0.10%,0.01%,0.03%,0.00%,0.01%,0.03%,0.00%,0.02%,0.06%,0.00%,0.07%,0.32%,0.66%,0.77%,0.09%,0.09%,0.06%,0.36%,0.10%,0.59%,0.60%,0.06%,0.06%,0.18%,0.06%,0.10%,0.47%,0.51%,0.14%,0.78%,0.00%,0.16%,0.25%,0.04%,0.02%,0.15%,0.78%,0.69%,0.07%,0.57%,0.04%,0.57%,0.00%,0.42%,0.93%,0.93%,0.13%,0.39%,0.69%,0.00%,0.21%,1.13%,0.26%,0.46%,0.37%,0.48%,0.00%
* Base value of zero; no percentage available,,,,,,,,,,,,,,,,,,,,,,,,,,,,,,,,,,,,,,,,,,,,,,,,,,,,,,,,,,,,,,,,,,,,,,,,,,,,,,,,,,,,,,,,,,,,,,,,,,,,,,,,,,,,,,,,,,,,,,,,,,,,,,,,,,,,,,,,,,,,,,,,,,,,,,,,,,,,,,,,,,,,,,,,,,,,,,,,,,,,,,,,,,,,,,,,,,,,,,
,,,,,,,,,,,,,,,,,,,,,,,,,,,,,,,,,,,,,,,,,,,,,,,,,,,,,,,,,,,,,,,,,,,,,,,,,,,,,,,,,,,,,,,,,,,,,,,,,,,,,,,,,,,,,,,,,,,,,,,,,,,,,,,,,,,,,,,,,,,,,,,,,,,,,,,,,,,,,,,,,,,,,,,,,,,,,,,,,,,,,,,,,,,,,,,,,,,,,,
,,,,,,,,,,,,,,,,,,,,,,,,,,,,,,,,,,,,,,,,,,,,,,,,,,,,,,,,,,,,,,,,,,,,,,,,,,,,,,,,,,,,,,,,,,,,,,,,,,,,,,,,,,,,,,,,,,,,,,,,,,,,,,,,,,,,,,,,,,,,,,,,,,,,,,,,,,,,,,,,,,,,,,,,,,,,,,,,,,,,,,,,,,,,,,,,,,,,,,
,,,,,,,,,,,,,,,,,,,,,,,,,,,,,,,,,,,,,,,,,,,,,,,,,,,,,,,,,,,,,,,,,,,,,,,,,,,,,,,,,,,,,,,,,,,,,,,,,,,,,,,,,,,,,,,,,,,,,,,,,,,,,,,,,,,,,,,,,,,,,,,,,,,,,,,,,,,,,,,,,,,,,,,,,,,,,,,,,,,,,,,,,,,,,,,,,,,,,,